<?xml version="1.0" encoding="UTF-8"?><env:Envelope xmlns:env='http://www.w3.org/2003/05/soap-envelope'><env:Header xmlns:env='http://www.w3.org/2003/05/soap-envelope'><nfeCabecMsg xmlns='http://www.portalfiscal.inf.br/nfe'><cUF>41</cUF><versaoDados>3.10</versaoDados></nfeCabecMsg></env:Header><env:Body xmlns:env='http://www.w3.org/2003/05/soap-envelope'><nfeAutorizacaoLoteResult xmlns='http://www.portalfiscal.inf.br/nfe/wsdl/NfeAutorizacao3'><retEnviNFe versao='3.10' xmlns='http://www.portalfiscal.inf.br/nfe'><tpAmb>2</tpAmb><verAplic>PR-v3_5_1</verAplic><cStat>410</cStat><xMotivo>UF informada no campo cUF nao é atendida pelo Web Service</xMotivo><cUF>41</cUF><dhRecbto>2016-02-10T17:18:36-02:00</dhRecbto></retEnviNFe></nfeAutorizacaoLoteResult></env:Body></env:Envelope>